Id,Label
3278629583,TacoFlacko
803669304,TrollPhaceMusic
174116373,almakashi
254862048,gabriellabower
90722611,partylikeaninja
41741635,tmj_bc_jobs
15492359,TEDTalks
32871086,kylegriffin1
200712955,maureenseyes
1458202382,doyleMedown
480215310,ephvnt420
401681146,NiykeeHeaton
520934209,Jackie_Martin14
112619446,tmj_IL_it
2506312159,ABTheGod
65664107,nbmbaahq
346780358,directmindpower
315910433,aCross_Creative
505155892,BringBackTheBuz
25101346,TrillyPolk
16581604,MikeBloomberg
767388008223952897,JamesRHicks2
349149474,Gare_bear36
28353516,balanced_design
299426038,X3LGaming
826185843949735937,FelixJo14274703
2976311002,KevInTheD
885538963213225985,KAllisonJones
1063418198,maddiezane25
1513986834,melneeee
138146257,SanFranRoaster
557860223,ArmstrngFairway
275790333,Chaantellie
45946953,WhoIsRylanChase
519307395,GarrettsFight
140093395,HealthierGen
3290111838,PFGCareers
34182255,tmj_rip_labor
325031040,missashleycali
1242781106,15redwinea
1416154710,KMFras
62678168,MichaelSpathITH
222603586,simplysymmie
71567606,6633north
237706698,GW571012
15184321,chencao
63902019,TchMeHowToDargy
2205177656,varshabanwani
436029694,LoyaltyIsLifeQ
1461161702,AxgustVeryOwn
313810060,yuliavolkovanyc
74591914,uvitavillalobos
3236447251,zoeearmagost
181754915,kalash972
859805626398121984,DrMann4Congress
745992114798985216,GainTrickOG
303391538,JasmineLWatkins
211308151,PacmanJT
15701020,TwittyMick
2278292888,OrozcoAcademy
76397784,Mzzpeachezz22
2352285871,KneeDeepMedia
764595276883435520,aaronjenell
784758514883321856,steveowens1950
253114906,WendieMalick
21686959,tmj_pdx_health
288531248,_kenergy_
1076663137,PrincipalTSwil
401611939,theonlyginer
41634520,seanhannity
813536684629340160,Valerie80225496
218767601,tmj_IAD_sales
38721199,nelliekillian
47831270,AmandaTheJedi
959250458,chipcamel
1367531,FoxNews
1630796316,elite99thc
886808832738959360,reecarrdough
1247044352,diabloloco77057
4821932109,DanaElizabeth69
933848462,P1n_HeadLarry
92186516,DjLORDofficial
3218794568,poutyho
832154653,erickstorey62
3264875632,Mojss_A
3054314581,buzzingb__
132365935,TrendsMemphis
3288629909,misfitlady66
34942558,fammywhammy
164541961,DYThaDon
2482084226,TheAddyAdmiral
1205895079,javrua
742575315977928704,chaz_hirschman
17412990,TCS37
891150589,DonDvil1
751173698606989316,HalifaxRise
831981685,KuavoKenny
14495280,dalehuntington
588343057,SalConca
832644927880171520,katysxox
2915253371,atanasi_
614651117,3ZeroLelouch
152941983,Jas_RunShit
766318102577577985,Grandma_Shelia
22077358,TheDiazAllen
2795342280,Just4TheCause
2849612604,DoIt4Cannon
478794357,trevacka21
853788650,TomJRosenthal
71960811,tmj_fre_cstsrv
237075851,breanna_aponte
15381530,bkbkbk
764995256,Kellyy_1969
114834991,paulriker
825363326603456514,Mags0908
289480296,TerraWolves
69991372,CallMeThePilot
3065709269,MoralCompass50
3187502272,Rick2686
300977788,RichardArians
95260252,Jeremy_Danner
1909678309,gsgeorgiapeach
58509123,PerksOfBeingRed
227014202,SeeTizzle
4611508512,boglethemind
156506841,patrickray1969
22160244,tmj_pdx_nursing
196168350,AnnCoulter
110748278,djxtacyhaiti
618754702,Timmytortuga_
4105055361,Seladore86
255275347,caraelysse
104858228,juanmpachecoa
252288448,holllly4
1609235778,DCMACareers
197454125,stxhealthsystem
1058520120,SenDuckworth
48802204,HardballChris
784059675406901248,TMLoggie843
723258572,_LyssaNelson
571619241,WinterEh
223555807,donTeAntonio13
783214,Twitter
776954796020371456,tradevelour
213834339,nuclearsciweek
24022732,Mlsessoms
2867158989,jjjjmorrison
1612094652,SimonLuisReyna
1917731,thehill
1647232428,arturodraws
204982280,Daveshatamia
419308348,amazing_daze
44527648,IAmJericho
409486555,MichelleObama
21705097,PrestonRudd16
3687320115,JoelOnRadio
423734352,KidWicked__
29404256,raginitw
842398676714676228,patribotics
816372623269576704,Daytimejobs
176864463,OceanGrownTREEZ
463132443,briaannnaa_
8736882,globeandmail
780376391577509888,latexlaganja
145018401,MaeM5298
305217958,patmcgrathreal
3480382347,fulvia14130533
32626129,KayaJones
181604076,spy_da
243908913,DJManiakNYC
587578163,FHSTigerBand1
132096754,TrendsPhilly
547291309,rarefiedbear
133809036,SweetLickKing
2547279217,Svnshtty
54611965,llywalker
912423883034284032,mikeatupstate
38630618,ChathamHouse
712755195705483265,fkabudu
725398245829054464,anitadroste
543889060,DrewQuigley
23260256,Oneiorosgrip
571378423,kingof_dahill14
2448135692,OutnumberedFNC
251256665,sky8632
461657127,zackkary_2
220863206,Tennesseine
861370955993690113,BennieWeir
259801469,DreamWalkarts
3161928386,ustheptx_
16401028,718Shaun
27469409,deborahowens
32744936,sarahalisa18
14192680,NOLAnews
31035033,CoachEngelke
23476090,tmj_atl_transp
92544072,eswtweet
4079677769,SirenRecordsMch
24316115,tmj_ind_mgmt
3142669854,PhotoSilvas
235282965,Phillip_Oakley
373564351,Khanoisseur
704693375207936000,YPIA_Africa
618667430,codewatzen
333539696,RetroSenpai
159475992,StevenSchuster
20930665,profkjmoore
471652106,JFarmer06
740865606,cookingupfun55
100240237,tmj_NHC_retail
312786463,Kb02126
99738448,tmj_MIT_HRTA
18305466,sailor7
25690886,thebookseller
3028424322,asiahh__
714273532377702404,White_Trash_Rob
2976598347,RepMiaLove
2149262163,OMGLEZY
325812753,CSUNNazarian
406720718,NayJicholson
42876815,asimancas305
202951147,DianaJManwaring
363972381,LaurenJauregui
258861607,sbperla
99964374,tmj_IAD_HRTA
2651294322,LovesJobs
355745076,bettiebloodshed
14946967,champssports
575956704,TwoZanez
305201887,YouKnowTori
1118025894,Jaayy_Jaayyy
2216115456,MarshallRTeague
3253962492,NiggaCommentary
3036508434,CluneyLinda
571242055,daygofuego_
408200521,DarrenJohnson31
2268183312,catherincorbin
402023562,J_branch11
179364566,BravesAmerica
371539066,ShannonSharpe
51784319,grolby
849062286,SimoneillAuthor
15212187,bennyjohnson
103048305,tmj_cap_sales
67038822,DjDaOne
293195467,BarWrestling
71633088,tmj_rdu_cstsrv
3338661133,toytreenewtown
836061352103915520,crazymadmamma
3362909645,Mnveee
335769675,RenaeMae
481330119,SafeCityMiss
225506296,Gumpxer
2459609448,Canada
609058571,badzoot7
71720955,tmj_nyc_cstsrv
292604111,TheRealMaxineX
787890995061030913,DemonKingHiei
30152403,EvaMarcille
191221920,SamMaggs
4615780096,BossMayneLilah
139423499,rolexfan
525903789,B_LoSkyWalker
26577173,Prospanica
2255489124,Mindlessrobot37
1431031490,Arthur59611540
85172844,joefocus
54885400,USNavy
707336817758965760,PostCubicleKyle
1544473543,awards_watch
21480817,tmj_edm_it
37207771,tmj_scc_transp
2516614945,ItCanWait
480130355,Alyssa_JNai
737275182578991104,iamkinected
15084438,djcamilo
232090398,MattMershonKATV
344501505,katrinabernad
100480088,CuffyMeh
848260685192671232,rindy_russell
59785313,tmj_il_retail
20793816,amazon
22720891,tmj_fre_health
25148584,JaySan2k1
20792744,dthills
329746058,BenAffleck
809887021,jfreewright
595058466,ChrisCastroEP
22733179,tmj_bos_labor
177475572,djalexreyes
2374891259,emmi37659
1608576246,KI_Central
155608385,UWindsor
320994551,tbanks1906
781339208,liliantjen
807967772,M_Gambrel11
743869197273292800,eyerighton18
1870326187,RealPToniD
32737149,Lvamgm
46431238,Romort628
54272613,AllieMpls
71957610,tmj_orl_cstsrv
827799619148976129,Epep_the_Heron
594175899,Mikel_Jollett
21484206,tmj_tpa_health
835208959564861441,ShelbyGloom
32313030,Venomous_Bear
177458340,kiiwhii
21725584,tmj_ind_health
2774882008,Angelab0424
3054105446,symone__kayla
25617676,MeaagSieglinde
764582017346379776,TLoves2T
51149096,511nyNJ
206279319,wfumagazine
21695377,tmj_sat_health
2759198191,bdckool
789086718540460033,ColleenVanDalen
116502194,globalnews
905243659259580417,mckennacassels
278223827,eason_kyle
259832379,CW39Houston
34330388,OdysseyGarza
710021988,vylin__
822181595838869504,thebibrarian
282695161,WayneDupreeShow
1530078716,the_cado_media
4907404707,nicolasDenver
184893260,chelsiegeardino
2412874142,AbbieMachel
1472519665,FHS_tigersfb
18766900,NCMA
103711283,jcole_rr
20832061,tmj_nyc_sales
790947294736703489,remiller1947
786285562520936448,rancho_nacion
49876189,zachweinman
44666348,Lions
130681114,deborahdemander
2983603200,baebnatt
726542307521138688,FCCLACompEvents
1018689319,H00DFEM
2901195060,taridiium
351721212,WDPesky
202219045,emac99evo
311622105,_ErinNickel
59967225,tmj_mo_retail
26409209,glenn_mcan
22374350,thechrisdonis
19382500,SoleCollector
886971564482334720,teegotdajuice_
19127750,ZaidaGrunes
91050289,pastoremase
53200766,Pharaohiic
543702357,TheReal_Lew
428476340,graciecowcow
309886580,SACWAY
3226282347,thisisinsider
913055393269653504,PaulNewhouser
1621406826,matronminerva
727566735298035712,LittleRhody9
892808605170245632,LosAngelesOW
61473986,lizlamers
2978577399,PhillyTrevor
900036640986603525,polNewsInfinity
616637804,carlscampbell
2817903506,bbalwayspoppin
2596413645,carrieksada
884270290984980481,realwesleybrook
10126672,USMC
73964620,elizabeth_malm
1881125774,taylorheckman7
41346792,michiganstateu
918540289861591041,KrisitnAllison
286425919,BandoRose
129235890,Lrihendry
159385379,leeannfinessse
28700693,tmj_ash_retail
28457303,tmj_chh_retail
94438678,BreeBrodersen
233828472,tmj_NY_finance
17374906,mnwild
756085550231068672,ruca_Tee
587211365,BigGabeO
481471259,bwhiteVArealtor
304932002,davidmackau
46557945,StevenTDennis
759724886021378051,MichaelGaree
1394911418,elbow_shelbo
202305960,dylan_random
789990810,24SevenSM
201091897,NicoThePro
7744592,TODAYshow
22536061,tmj_orl_hrta
2852214059,MiriamTaleno
32662150,melian44
1670016625,isuckedyodick
418040310,essencedavis2
158939130,JeremyBlaney
4711647240,OyeAForzan
733353126,MarcelaKapfer
19219899,Reddingwb
1623370094,mattshulmanbmx
16929108,INL
285693099,GuyDupuy1
19808792,alexlcoleman
19926675,RepKevinBrady
559952456,ShydaeNicolee
1452711038,MichaelCazayoux
499973374,tmj_nwk_physici
45605183,Alowishus0207
76227785,DCClothesline
426754916,ensmingerBiz
757607643619799040,EricCartmanSr
2593558765,SchulichNews
384834222,DAIllusional
890754290880589825,jesus_really_
33583496,Chiefs
141630899,AceJustin1
1734194539,amaniaIex
1393479434,elizadeco
2889151908,kdavisty
631477214,IRoc_IRoll
274705693,halls
1973863837,tiny_lil_witch
111054675,Gatortrapper
784954669147783168,workinayo
704041886089084928,nia4_trump
841331105655640069,__0HOUR1_
1496530303,Tuniekc
2557521,espn
28092225,thekorko
809384904467316736,Vet_Lib_canuck
322020279,CafeofHope1
393469195,redsteeze
21475090,WakaFlocka
23220301,tmj_bna_finance
199878972,far1762
757621649818656769,DrProfMcNasty
18184205,MelissaJPeltier
905488514946654210,NachYoThoughts
76708850,ouliemata
19040598,MikeIsaac
3168085280,AWGE_isaac
3063917911,TERRAPTSA
915712956058370048,_svlceydoe
194323023,HeavenlySkyes
14791918,HomeDepot
192287918,Jdxthompson
915742863874564096,twinlets2002
4226547563,_Monkayy
183854047,CatFoodBreath
898415186,baylee_sims
24415813,tmj_stl_health
275352654,BASTARD76
408233762,TexasArtFilm
14957318,nbcchicago
24380463,Mistr_ID
79293791,rihanna
608552223,haydenthatkid
439748562,lkb_10
28023330,Crunchyroll
36865943,tmj_scc_health
861407514,apct17
20020098,TheBadgerNation
898934738,Sheeple101
94558801,DollarTree
2508620173,carmona_kami
563319506,CVSHealthJobs
54677819,ssmith281003
722632627052744704,MyWolfsong
260605539,mparsons_1
482931300,Alex_Comi4
586648831,Twoo_Times
62133901,avivaloca
99642642,tmj_VAL_HRTA
2431232393,King_woolley21
65848200,RicherdTorrez
569694686,RazKeren
14189338,brianvan
26119932,rEddie_brek
3433633119,itaintrose
15165910,JonGauthier
46186400,Sephora
393759517,maddysanders17
764263155862081536,solveforxpdx
2909478480,rodrigues_noah
2882885041,MrPMGlaser
1167449568,lex_looper
867890654021431296,joannperrone15
62793967,DOriginalDonald
4715159772,studio_cgray
962788082,ThornsFC
541252538,Rafitaffy
2905615484,LeadNV_EDU
713525258,HMPOJobs
81934525,mr_cheffy88
85870763,_SheBTwerkin_
20157413,Jenniferhoffman
14629315,XXL
20827204,tmj_sfo_sales
480064823,NJdivorce
4191502094,JessicaJane247
48273856,MaRieLiiTa
111707715,Jennifer_Sharp7
19919755,djsethduncan
2176597932,AjdinKorkman
144781839,Not2bRude_But
26099475,itsdjluigi
35529845,koepsellsbcglob
17536922,canadapostcorp
741518816987873280,maliyahaclark
2796595521,emmarich__
20403262,semirose
2434038433,DSN_Alan
288967352,sradner
56247986,JugSport
190400970,AdamBadlotto
4362969263,KristaCHolland1
3368433184,babyschroedss
987933978,DawnShmawn
1262239268,TheRoyalCRK
2402596573,NateC2112
150851934,its_ygee
1739412500,letmesuckyadick
47080580,tmj_tul_cosmo
2961156467,ohbabiiitscat
24485629,nickwrobbins
292534379,rutters2
25917806,shannonandswift
3981214223,AuStar3d
818941136,SOMEXlCAN
714669102,barstoolWSD
1355810533,ashdialin
14780813,thomaswheatley
2316421134,SenecaFCCLA
327681936,Spalding_22
32908110,iMajorWish
14173315,NBCNews
346123311,SomeRandomGuy5
2718278537,Partywithjefe
323157990,_TStreet
1939873531,Matt_Martens65
31861101,cmcabo97
231993146,ESTHAGREAT62
485298186,MaggieLeis
1357536860,BarLouie_Jobs
567544904,tmj_NAS_hrta
244655353,davidaxelrod
443141311,AmandaCCoyne
70771710,derekcfpegritz
3242028728,jvel1591
1367812291,jadecapricorn
22068704,BestOfBbalI
802625658383986689,liz_linnane
109065990,RealAlexJones
715380426034905088,HALLAnnAG
356603656,stargazer0118
13213222,Fleshbot
760294718580195328,terra_athletics
138218787,ErinLRein
41310737,iambronx
35575327,MalcolmJenkins
859777047970824192,HennaShoppe
332474468,NigelBahadur
1700677591,JustFatuma
476258175,LolaDLaval
254398092,OCTAVI4N
188856838,tmj_BOS_schn
27301447,tmj_cao_it
53991585,PhotosByGarbot
368084200,cassidylbaker
1337271,darth
22036558,tmj_orl_sales
882772938134609920,Hosanna71010988
2269093894,JohnJpshanley
897848088,CareersTVCR
132774626,GirlPosts
34548473,RobinsonAngela
17980523,mitchellvii
381291530,kvaganos
50706690,511NY
26968843,Chuckles152
856221384590143491,theDogvocate
428514372,sam_fick
66728174,CoffeeFestShow
42514101,Artstrada
1532543576,PatWxspo
415175105,CerealUnit
487864929,PeelCrimePrev
714199261,aurreliooo
2467791,washingtonpost
16129920,maddow
799220151044476928,SHElTHING
3229299506,KayfabeSean
18152006,QueenzFlip
72069496,tmj_stl_cstsrv
2514252356,knowfornothing
17629860,FBI
324137375,Del2Wavy
15246236,Randall_Shirley
30728952,kshaw58
142267670,36westbrook
56443153,Panthers
253014097,Grettahw
1724097854,dreaa_143
804386689833701381,TERRANewspaper
239244884,JGII_
866713950016208898,fukkreen
21213366,SSS_joshnelson
54886540,doritmi
635608354,20committee
76963656,Jacob_espi
40707697,ksekoni_
748237717503303681,aureliansprings
3294683602,taIkingsweet
3131368200,30SecKnockouts
22870112,TerezOwens
714627390,fototakerROTA
66586174,tmj_or_nursing
163333479,LG_Zaytoven
118857388,tmj_TN_LABOR
1628154318,MarioAnthony__
22149395,tmj_nyc_nursing
173655563,Goku
2356971642,MorettiJake
47020283,tmj_lax_cosmo
916637432,VerifyYourSeIf
1684625450,BootlegGirl
110768193,ItsYourBigBoy
794057040394145794,adylece__
3488658137,VisionIncPromo
297134253,coco_patrice14
1710142374,FCHSGriffins
455143418,thtshit_creigh
3044602233,_socialcompass
532690100,JWGOP
41144996,Cubs
41699423,tmj_nb_jobs
3130220002,_1mond
13753532,FuMikechu
367860225,Bank0le
23378774,ZachLowe_NBA
917362729530388480,PreachFerg
2268672991,Zappsu
3230341,stephenvcharles
39287089,resultsboy
872454640285229058,survivingtally
732466752374722560,archanasrajan2
305371013,WROncsu
295970094,dstith76
15846407,TheEllenShow
38022609,tmj_den_jobs
105145017,Skittles
897563495742529536,BostonHype
771254286793576450,fxckyocouch
4508108721,saamstarseeker
885960065273942017,arcaneglitter
929517757,Lavanyaswamy1
822215679726100480,POTUS
18916432,SpeakerRyan
601589373,valval9513
4075382052,Ashlyn_Clift324
2633628749,ceilidhdalton8
369063922,rogerallenward
1282197577,dhenriott996
1425504374,CORTCareers
6253282,TwitterAPI
1406073296,fxck_trilla
328303296,__LiyahJ
180060674,tmj_IL_auto
718149456269418496,REMEsquaddie1
181572333,chancetherapper
1213518222,jbn29
442339749,mlp_ColeAndCail
2778173351,_jessica_sacco
202429353,HEisOD
312910540,tmj_wi_hr
18583722,Janefonda
829973167,rosaortegx
863505234236022784,Jenn_pansexual
37487970,metallimacrules
851211,benwikler
252124100,GingerMcQueen
3144484834,Joaxay
1661848598,kevinmccormick0
126729999,Waliwuu_RF
43919017,BrewerPod
25073877,realDonaldTrump
852188730,Brieanna_7
25886666,KariClift
862431550390120450,itslizziebabie
2198875944,gracepen01
109532430,tobuzoo7
766736584183943168,JilliannJaee
1152967812,AlamoEDC
3181315759,darrynloyola
429555705,Blk_UrbanKitty
1888644637,ImJustCoul
4137734894,xoxolittle_lena
3227267930,Pinche_Pi
414477849,howardfour
108695368,tmj_KAL_cstsrv
3390250797,rrfxagb
550641515,PHCHF
392146909,FloEternal_
119567900,lilreese84
28882451,pollyislove
2267976464,Ifhy_Jazzybell
495511930,thetankerbroker
23234807,LeBatardShow
22779775,followsummergg
780476339916713985,CUBE_LiveFeed
860306015996100608,WarriorBurkEddy
25175124,lanceallan
1569465380,Zachyy02
198634439,JaclynCashman
775051442952351744,straydawg4
824053914001666049,minajhouse
15115280,PalmerReport
592730371,JackPosobiec
2238041838,1CatShepherd
184093024,prepforcollege
379936623,BigDawgFatz
777960145359867904,jimandsamshow
234980063,alexaiono
131651580,hellyeahbonita
1337736738,RealSinBiti
822215673812119553,WhiteHouse
24131422,ttiger2004
370430691,JustinHDavidson
90939188,Mavado_Gully
32501175,IamAkademiks
213804505,jmcmsu
2920240065,BlueLionBlog
170861207,KatTimpf
199622102,johnrychlicki
34760919,SportsLawGuy
314619506,TheRealZoDak
298326984,KatiTartaglino
438843965,stphnfwlr
755423786996998144,michaelschon4
601535938,RealMattCouch
755063081353547776,luvaderren
899416613304377344,ShawtyNotBasic
22609300,NakatomiTim
815212239154188289,KingPoppaJeffe
186687423,dawaelyne
56688811,mgalinks
4097864233,TheMrsPedersen
11019742,mattkenefick
113458454,X101_wxhc
1305591176,gabbilutz
408768725,SavannahEzell
1262645755,LovelysBoutique
824710232815251456,RealRJSanchez
11277872,M_W
235833507,russdiemon
18065266,mcgillu
15716880,ConvergeSouth
21196047,tmj_chh_manuf
618550142,JABItalia
374273658,MikeTSterling
452008466,Safest_Haven
34180948,tmj_rip_hrta
348844874,ianmcc11
817566648077000704,CaptJaneway2017
31770657,NAWMBA
326318930,_puravida__
2888156450,TheZachHaven
3290000472,IAI_Jobs
856887558,Sue19754453
234661277,_Alvo_
271486322,footwork_king1
18590012,galeabrewer
327990253,LauraButler6
589683,bibliogrrl
1941992582,__kaitlyna
22488656,tmj_phx_hrta
59950484,tmj_la_retail
133985461,FCardamenis
2238866324,Othatschina
57347339,GaryBelsky
109491173,ankurdh
2886681781,OverwatchEU
28173550,TBLightning
333485431,ING
736959136164806657,JacobAWohl
2787026811,The_Tru_FooL
148607567,tmj_TX_transp
2177209700,SLAYLONIE
954165164,SelahJne
16664681,latimes
87244851,LisaBolekaja
88040243,FedsHireVets
277045836,AndersonElem
18479513,MLB
129829764,CrossingBroad
118483749,myMotorhead
29893022,ScottDavis1004
17220817,AmazonVideo
828672374757224449,thomasson_caleb
18546022,Boneitis
1658449752,shelbs022
34191291,jfbTRUTH
1626282878,nia_coats
54578210,mmayrising
1673217121,VicBergerIV
4599374210,nikiforcvs
2532971932,starrkuteass
850060254402547712,EricSpahn1
2587100928,Process__Series
860605508,OVERDOSEIN
30974896,kidoctr
874365232126341121,SeminoleDining
321191215,GillTheThrilll
2646372258,rose_lining
1852644804,thegreatkhalid
1121265025,ParkerHendo
133938408,Impeach_D_Trump
15976705,Amy_Siskind
3406938525,thebradfordfile
4754523444,justiceleaguewb
3834861208,Jimmybeardtron1
507852276,TacoBellTeam
527167404,Asivrs
26900055,DrMartyFox
1409417647,Realest_Flow
107240573,Brewkkake
25426048,thekat0711
2203620698,MyBeerCareer
1035801032,zachhenderson50
311633735,RichEisenShow
2382829512,MI2CA2
2358900342,cristianglopezg
14248129,DavidRachford
324726435,vuhsace
50687788,Macys
23885430,mattwhitlockPM
246979503,chriscozart
22080446,rileytestut
1375417644,zachjuarez_16
52902423,AAASoCal
2734649279,megan_meyer15
534415503,showboycj
16379018,alroker
286998245,Phil_Lewis_
51113010,YosieDolllx3
4889032395,naiaraaa_
701766661418913792,PRPyouthed
37949405,tulsaunitedway
72165407,tmj_mep_cstsrv
454513795,ChooseToBFree
2897913300,LookAtLollyy
389039294,lowkeynokey
388498046,Brycebo14
583419713,CrystalSparklee
107602967,MediaZA1
1404172345,JessicaNiles26
444248051,mirandareyna23
81764926,MNTwolvesfan
488070435,Packbacksmay
783116738258841600,VMwareClarity
351260120,DCampoamor
250188760,RonWyden
2965334788,gouenjis
23010781,paperbacknovel
18664100,superdeluxe
74139459,thinkers50
26204554,HJLewis
365603329,MenInBlazers
29310444,iamCarsonTaylor
339914949,Matchu_chutrain
1220686111,_Rianeg
4149970038,MsTinaBraswell
807095,nytimes
457877484,YungKakathot
1513883888,DiorIzzy
3146777341,ReadForSmarter
70483938,AllysonTurner
1013399942,NWSL
15249113,kiaspeaks
2874107140,_miaMiaMIAAA
46157036,TheCourtKim
467264515,KevinKaplanMD
1351296654,CurtiousCurtis
573918122,qz
267818256,RentFasterYYC
413520198,Finesse_Wes
323541088,Simbaki_
970895576,dezafag
8984572,ANNIKA59
390216128,JCVD
1478783989,brambila03
362511899,AshleyKline55
156295238,CanadNation
65038317,jesshartshorn
1033627159,ofthehuns
169586280,WaPoSean
373729918,notdejon
2176952706,summer_connell
798279769200689152,charletwilliams
2449933015,karenth28775337
724736960,KwameWilborn
14194036,cl_atlanta
2426201857,SamesCarolyn
182192543,Adam_LZ
2211321384,ethancrewss
859047320608022529,iamwinsey
129777015,brittneygravel
4211612619,ChrisMRoark
3320478908,Stranger_Things
23970102,billoreilly
274162219,ShawTVThompson
43118995,TCHeadCheese
3141182748,BobaFettANHSE
127458485,MALLYPULLUP
2165224723,ChuckHirschman
364252903,TRPCottage
4141259239,rjpaco
4916193651,_Z1nger
50795367,JPgotSOLE
111897522,hairbyromorgan
3332563859,DesignerKaos
156747159,TaiaAlexis_
704923642736582656,rileymhunt
253059865,sincy12
803243709064237056,sharymodi
2334381056,Baking_Anime
2781403435,ThaOnlyGeo
2365033110,lorenzsimon15
486076450,laaystackz
3166332405,JovanMailk2
94606098,topchefkevin
25182203,thekimrunner
1366330580,lexikelly15
736208380319043584,Paige_Huggs055
4637520917,Abrax_Negative
2505184716,nayohme2
29244477,jdboutpaper
901155022750138368,ChelleTweets
2424942768,thesameerk
57548429,icebergmillz
2728578875,MyhaAlexis_
500200938,tmj_nwk_transp
2535717440,NoodlesCareers
542961492,strawn_04
57162282,SheaSerrano
28608277,joangong
907045004,MrVago_
544613501,igreenvibes
4193853620,COC_Careers
248541661,SheriDuBois
1244874518,EnergzdEconomy
184545597,ANNIKA_Fdn
2817724502,ArloSmartHome
43864411,FiftySix2Seven
2405320183,dey5401
838911200641572867,TheBGEdition
779499317967003652,arellyyasel
2175081283,michaelhamaker1
88268940,tmj_nm_hrta
2869464728,Sierra_webb7
49571750,TarahWho
27561930,3IN1AUDIOSET
49387342,RachelMarie702
766627771514773508,WoodfinForBham
589128515,BackThePolice
1488520376,miss_vo
151106990,BrookingsInst
1596984109,CU_SPS_Sports
14840030,UrbanMilwaukee
342605301,KesusWalks
15145073,KATVNews
22381937,KdQuin
3427698194,AudienceSports
41154757,WAFB9Sports
1347630973,AleexisLopez_
387325101,KobeBackup_
481185424,JarvisKelsey
85230814,JaxxxAlexander
5625972,eventbrite
